ID_Client,Nom_Client,Date_Inscription,Email
1,Client_1,01-01-2023,client1@exemple.com
2,Client_2,02-01-2023,client2@exemple.com
3,Client_3,03-01-2023,client3@exemple.com
4,Client_4,04-01-2023,client4@exemple.com
5,Client_5,05-01-2023,client5@exemple.com
6,Client_6,06-01-2023,client6@exemple.com
7,Client_7,07-01-2023,client7@exemple.com
8,Client_8,08-01-2023,client8@exemple.com
9,Client_9,09-01-2023,client9@exemple.com
10,Client_10,10-01-2023,client10@exemple.com
11,Client_11,11-01-2023,client11@exemple.com
12,Client_12,12-01-2023,client12@exemple.com
13,Client_13,13-01-2023,client13@exemple.com
14,Client_14,14-01-2023,client14@exemple.com
15,Client_15,15-01-2023,client15@exemple.com
16,Client_16,16-01-2023,client16@exemple.com
17,Client_17,17-01-2023,client17@exemple.com
18,Client_18,18-01-2023,client18@exemple.com
19,Client_19,19-01-2023,client19@exemple.com
20,Client_20,20-01-2023,client20@exemple.com
21,Client_21,21-01-2023,client21@exemple.com
22,Client_22,22-01-2023,client22@exemple.com
23,Client_23,23-01-2023,client23@exemple.com
24,Client_24,24-01-2023,client24@exemple.com
25,Client_25,25-01-2023,client25@exemple.com
26,Client_26,26-01-2023,client26@exemple.com
27,Client_27,27-01-2023,client27@exemple.com
28,Client_28,28-01-2023,client28@exemple.com
29,Client_29,29-01-2023,client29@exemple.com
30,Client_30,30-01-2023,client30@exemple.com
31,Client_31,31-01-2023,client31@exemple.com
32,Client_32,01-02-2023,client32@exemple.com
33,Client_33,02-02-2023,client33@exemple.com
34,Client_34,03-02-2023,client34@exemple.com
35,Client_35,04-02-2023,client35@exemple.com
36,Client_36,05-02-2023,client36@exemple.com
37,Client_37,06-02-2023,client37@exemple.com
38,Client_38,07-02-2023,client38@exemple.com
39,Client_39,08-02-2023,client39@exemple.com
40,Client_40,09-02-2023,client40@exemple.com
41,Client_41,10-02-2023,client41@exemple.com
42,Client_42,11-02-2023,client42@exemple.com
43,Client_43,12-02-2023,client43@exemple.com
44,Client_44,13-02-2023,client44@exemple.com
45,Client_45,14-02-2023,client45@exemple.com
46,Client_46,15-02-2023,client46@exemple.com
47,Client_47,16-02-2023,client47@exemple.com
48,Client_48,17-02-2023,client48@exemple.com
49,Client_49,18-02-2023,client49@exemple.com
50,Client_50,19-02-2023,client50@exemple.com
51,Client_51,20-02-2023,client51@exemple.com
52,Client_52,21-02-2023,client52@exemple.com
53,Client_53,22-02-2023,client53@exemple.com
54,Client_54,23-02-2023,client54@exemple.com
55,Client_55,24-02-2023,client55@exemple.com
56,Client_56,25-02-2023,client56@exemple.com
57,Client_57,26-02-2023,client57@exemple.com
58,Client_58,27-02-2023,client58@exemple.com
59,Client_59,28-02-2023,client59@exemple.com
60,Client_60,01-03-2023,client60@exemple.com
61,Client_61,02-03-2023,client61@exemple.com
62,Client_62,03-03-2023,client62@exemple.com
63,Client_63,04-03-2023,client63@exemple.com
64,Client_64,05-03-2023,client64@exemple.com
65,Client_65,06-03-2023,client65@exemple.com
66,Client_66,07-03-2023,client66@exemple.com
67,Client_67,08-03-2023,client67@exemple.com
68,Client_68,09-03-2023,client68@exemple.com
69,Client_69,10-03-2023,client69@exemple.com
70,Client_70,11-03-2023,client70@exemple.com
71,Client_71,12-03-2023,client71@exemple.com
72,Client_72,13-03-2023,client72@exemple.com
73,Client_73,14-03-2023,client73@exemple.com
74,Client_74,15-03-2023,client74@exemple.com
75,Client_75,16-03-2023,client75@exemple.com
76,Client_76,17-03-2023,client76@exemple.com
77,Client_77,18-03-2023,client77@exemple.com
78,Client_78,19-03-2023,client78@exemple.com
79,Client_79,20-03-2023,client79@exemple.com
80,Client_80,21-03-2023,client80@exemple.com
81,Client_81,22-03-2023,client81@exemple.com
82,Client_82,23-03-2023,client82@exemple.com
83,Client_83,24-03-2023,client83@exemple.com
84,Client_84,25-03-2023,client84@exemple.com
85,Client_85,26-03-2023,client85@exemple.com
86,Client_86,27-03-2023,client86@exemple.com
87,Client_87,28-03-2023,client87@exemple.com
88,Client_88,29-03-2023,client88@exemple.com
89,Client_89,30-03-2023,client89@exemple.com
90,Client_90,31-03-2023,client90@exemple.com
91,Client_91,01-04-2023,client91@exemple.com
92,Client_92,02-04-2023,client92@exemple.com
93,Client_93,03-04-2023,client93@exemple.com
94,Client_94,04-04-2023,client94@exemple.com
95,Client_95,05-04-2023,client95@exemple.com
96,Client_96,06-04-2023,client96@exemple.com
97,Client_97,07-04-2023,client97@exemple.com
98,Client_98,08-04-2023,client98@exemple.com
99,Client_99,09-04-2023,client99@exemple.com
100,Client_100,10-04-2023,client100@exemple.com
